diagnosis,pred_class,prob_0,prob_1,prob_2,prob_3,prob_4
4,4,9.544305e-06,3.7785914e-05,0.0054439823,0.22043319,0.77407557
1,1,0.16966543,0.7965381,0.029780097,6.956883e-05,0.003946776
0,0,0.97851825,0.02125044,0.00021799454,1.3879232e-06,1.1939415e-05
1,1,0.029933492,0.7023694,0.2593629,0.0035713182,0.0047629387
0,0,0.9950022,0.0048666433,0.000108949935,2.3518737e-06,1.9822723e-05
0,0,0.9998336,0.00011383968,4.8476726e-05,9.914246e-07,3.1090988e-06
4,2,0.000983329,0.014526376,0.84169775,0.10960984,0.033182748
0,0,0.9984102,0.0014271108,0.00016091432,1.0622842e-06,7.0616886e-07
4,2,0.00017284068,0.29517925,0.69783497,0.0029533484,0.0038595812
0,0,0.9732249,0.02438563,0.001914553,2.424374e-05,0.00045076452
2,2,2.5666386e-05,0.0007916461,0.51386684,0.04400033,0.44131544
2,2,3.3529606e-05,0.13624167,0.8536468,0.0016158826,0.008462144
0,0,0.9997311,0.00022571415,3.9344883e-05,1.5595923e-06,2.2859945e-06
2,2,0.00076770625,0.037960585,0.9350651,0.024408419,0.0017982291
1,1,0.012130607,0.83026737,0.14919943,0.004049581,0.0043529896
2,2,0.0001271753,0.015052345,0.8903212,0.07288839,0.021610865
1,4,2.4928072e-06,2.5620317e-05,0.0034769191,0.12674363,0.8697514
0,0,0.9995763,0.00038842508,3.4463414e-05,4.517476e-07,2.9960523e-07
0,0,0.9995709,0.0003373336,8.551756e-05,1.3291744e-06,4.8344955e-06
3,2,0.0006045397,0.008361963,0.84521085,0.111318134,0.034504537
0,0,0.9985462,0.0014372627,1.5764992e-05,2.7734492e-07,4.219224e-07
4,4,0.0005623082,0.0042105443,0.07005628,0.17996734,0.7452035
0,0,0.99753535,0.0019086588,0.00054324785,5.69447e-06,7.096026e-06
0,0,0.9996152,0.00033342565,4.5727757e-05,7.6933793e-07,4.747166e-06
2,2,0.003620256,0.14841063,0.6998988,0.078892134,0.06917823
4,4,9.5786245e-06,3.078169e-05,0.0004935372,0.07038347,0.9290827
1,0,0.511374,0.3480033,0.13996823,8.329711e-05,0.00057115796
2,2,0.000746629,0.014889571,0.9826031,0.0010248629,0.000735877
2,2,4.667655e-05,0.027372312,0.8997142,0.046361372,0.02650548
4,2,7.223093e-05,0.004202573,0.8873227,0.009079773,0.09932275
0,0,0.97918195,0.019336322,0.0012906835,4.0869552e-05,0.00015012796
0,0,0.9961016,0.003199375,0.00058432075,3.3523418e-05,8.107907e-05
0,0,0.9996027,0.0003410882,5.2724707e-05,1.1970637e-06,2.342117e-06
2,2,0.00024152713,0.008150667,0.4528213,0.3930937,0.14569286
4,4,0.0037875741,0.019334808,0.070860796,0.11537048,0.7906463
0,0,0.9993812,0.0005889782,2.6943675e-05,1.5461308e-06,1.3592904e-06
0,0,0.9920325,0.0074931798,0.00045610758,4.9121413e-06,1.3201779e-05
3,3,5.0618713e-05,0.000759941,0.29471117,0.48001316,0.22446504
2,2,0.0010986704,0.28289992,0.70593274,0.0020979843,0.007970702
0,0,0.9999347,5.2312516e-05,1.1987038e-05,1.3694184e-07,8.7375594e-07
2,2,0.00013440856,0.48323,0.5128858,0.00013452437,0.0036152708
1,1,0.0016251298,0.7200403,0.27214858,0.0012346016,0.004951446
0,0,0.9928254,0.0048358673,0.0018486838,0.00016791269,0.000322115
0,0,0.9996208,0.00035883998,1.8989585e-05,1.4542987e-07,1.1380815e-06
1,1,0.059808407,0.8626666,0.073631056,0.00061091007,0.0032829395
0,0,0.99969774,0.00020206391,8.007342e-05,3.222813e-06,1.6829355e-05
1,1,0.0020108267,0.90825826,0.08734114,0.00061782874,0.0017719958
2,2,9.138157e-06,0.0007930145,0.90284276,0.012170936,0.084184214
0,0,0.9967505,0.0028097108,0.0004053267,1.3392336e-05,2.1155316e-05
2,1,0.00024281086,0.9101771,0.08875417,2.4989822e-05,0.000800942
0,0,0.99673635,0.0031110442,0.00014879709,2.3848493e-06,1.4087003e-06
2,2,0.000118462944,0.0049861684,0.63081324,0.07730457,0.28677762
0,0,0.99981856,0.00011950818,6.0041046e-05,1.3929467e-06,4.639466e-07
0,0,0.99666095,0.0030001367,0.00030550073,6.580528e-06,2.6810976e-05
3,4,2.2960008e-05,0.000104531915,0.01677531,0.18790726,0.7951899
2,2,0.00049851876,0.0014093379,0.7080936,0.06381661,0.22618183
2,2,1.1020677e-05,0.009727046,0.9489015,0.003971311,0.037389167
2,2,0.00019939039,0.014038618,0.78886503,0.1182074,0.07868945
3,2,0.00012990886,0.003636643,0.6817097,0.30772835,0.0067953453
3,2,1.5271511e-05,0.0011959149,0.86120254,0.07239017,0.06519603
4,3,0.00018126996,0.001155468,0.015717225,0.5533032,0.42964286
0,0,0.99978614,0.00018825049,2.3785577e-05,3.7701258e-07,1.2711743e-06
2,2,1.2585625e-05,4.554225e-05,0.6778726,0.27764627,0.044422958
1,2,0.0019263579,0.47619504,0.50734556,0.0047572535,0.009775765
4,3,2.4234027e-05,0.00015389732,0.18587151,0.6832182,0.13073218
2,2,5.4412143e-05,0.007877046,0.89495724,0.036127985,0.060983215
0,0,0.9997346,0.00022517162,3.856511e-05,4.802161e-07,1.1623353e-06
0,0,0.9985719,0.001117964,0.00028929455,1.1125374e-05,9.807805e-06
2,2,0.0001124574,0.093129784,0.76162916,0.034969665,0.110158935
1,1,0.011961811,0.953296,0.034026425,4.904218e-05,0.00066664774
2,2,5.60065e-06,0.007958502,0.98976517,2.6023956e-05,0.0022446895
4,4,6.0836396e-06,0.00033989907,0.19644785,0.059281997,0.7439242
0,0,0.99949026,0.00014272238,0.00034487838,1.6932523e-05,5.06508e-06
1,2,0.0005036545,0.34770742,0.65066785,7.269309e-05,0.0010483544
2,2,0.00016474775,0.014926278,0.87864715,0.097281024,0.008980758
4,2,0.0054574567,0.43896168,0.4567011,0.015044699,0.08383506
2,3,0.0001269998,0.0046463264,0.47902122,0.5015935,0.014611966
2,1,0.007594908,0.9217418,0.068942465,0.00055908406,0.001161755
2,2,0.00014042394,0.017409129,0.89329576,0.06284628,0.026308408
0,0,0.999907,3.3093773e-05,5.13542e-05,5.3973577e-06,3.1144286e-06
0,0,0.9995561,0.0004261168,1.5137611e-05,5.437239e-07,2.0018313e-06
2,2,3.0217787e-05,0.0014778454,0.9400412,0.0059455307,0.05250514
0,0,0.9990459,0.000770073,0.00016433887,4.712958e-06,1.4892121e-05
0,0,0.9967213,0.0031458305,0.00011868594,3.763061e-06,1.0293422e-05
2,2,0.00024940312,0.026255894,0.9122836,0.048656337,0.012554821
0,0,0.9996419,0.00023368832,0.000116082854,4.909352e-06,3.4071595e-06
0,0,0.9989562,0.0009940348,4.849302e-05,2.8660583e-07,8.9853023e-07
0,0,0.99993205,6.546829e-05,2.2495465e-06,1.2125263e-07,1.466673e-07
0,0,0.9982576,0.0017004219,3.7039907e-05,9.871685e-07,4.0087766e-06
2,2,0.00033466268,0.015883619,0.9612198,0.004310169,0.018251866
0,0,0.99993086,6.0152106e-05,8.37945e-06,3.9680876e-07,2.839006e-07
0,0,0.9994449,0.00034686504,0.00018874521,1.494584e-05,4.5465845e-06
0,0,0.9995961,0.00038937357,1.4192315e-05,1.3780492e-07,8.995051e-08
4,4,7.237982e-05,6.829884e-05,0.015986675,0.18655391,0.79731876
0,0,0.91216683,0.02502903,0.059559718,0.0028537908,0.00039065865
4,2,3.434958e-05,0.0067640757,0.9123047,0.016869593,0.06402725
2,2,1.5635076e-05,0.0005394734,0.6702254,0.28382248,0.0453971
2,2,4.003106e-05,0.0012706802,0.93062055,0.060653962,0.007414878
2,2,0.000116499934,0.11023816,0.7998781,0.062075615,0.02769163
0,0,0.99908423,0.0008779795,2.8352095e-05,9.358524e-07,8.504639e-06
0,0,0.99954206,0.0004306009,2.6407142e-05,5.2278756e-07,4.02089e-07
4,4,3.0875672e-08,6.1453426e-07,0.00046693205,0.013521916,0.98601055
4,4,0.0010385402,0.0033843468,0.002936006,0.038873427,0.9537677
0,0,0.998814,0.0011765879,9.220518e-06,1.836738e-07,1.3857883e-07
0,0,0.6100677,0.37565517,0.00991275,0.00047130487,0.0038930702
0,0,0.99930596,0.0005651236,0.0001224743,1.260865e-06,5.193775e-06
2,2,9.644167e-06,0.3452981,0.6539685,0.00023362915,0.0004900373
3,3,0.00011613247,0.0038517623,0.015646387,0.5684214,0.41196433
3,2,0.00016368137,0.028945569,0.64963937,0.029260932,0.29199046
0,0,0.9995979,0.00035650257,4.4195414e-05,1.0166578e-06,4.1275192e-07
2,2,0.000859318,0.110597156,0.88623524,0.0019004445,0.00040788203
2,2,3.3497497e-05,0.0076385173,0.93393105,0.0051588127,0.053238116
2,1,0.01981754,0.8110588,0.16226684,0.0010540467,0.00580272
2,2,0.0068021384,0.24338593,0.7445719,0.0024850515,0.002754895
2,2,0.0002910817,0.06376697,0.9327384,0.00016405937,0.0030395286
0,0,0.9994873,0.00046765993,4.0677307e-05,1.0521248e-06,3.2844573e-06
0,0,0.96494704,0.03136506,0.0036481826,1.2417246e-05,2.7305141e-05
0,0,0.9212995,0.076280825,0.0021319431,9.077827e-05,0.00019690972
0,0,0.9988532,0.0009817266,0.00015768132,1.5618381e-06,5.8396395e-06
0,0,0.99901307,0.0008831073,9.804605e-05,1.2215767e-06,4.5757492e-06
2,2,0.0012260687,0.2754865,0.71619695,0.00040802898,0.0066824188
1,1,0.00037259102,0.8686161,0.12952536,5.272086e-05,0.0014331612
2,2,4.533247e-05,0.017181294,0.90233356,0.007855527,0.07258429
0,0,0.9962987,0.0033676056,0.00027168528,3.3452486e-06,5.855541e-05
2,2,2.5947737e-05,0.0020831646,0.76079625,0.20759235,0.02950227
2,2,2.6229736e-05,0.0011465285,0.86444265,0.01337998,0.12100463
0,0,0.99967307,0.0003039846,2.2575045e-05,6.353982e-08,3.9912828e-07
2,2,0.002120116,0.30645502,0.6432104,0.003010232,0.04520423
0,0,0.9977494,0.0022412066,8.468349e-06,2.0270524e-07,7.1208876e-07
0,0,0.9999689,1.7176271e-05,1.3351582e-05,4.39063e-07,1.3735593e-07
4,2,6.270594e-05,0.00050677825,0.8156573,0.0906756,0.09309761
0,0,0.9998859,0.00010235681,9.079409e-06,9.592433e-07,1.7230028e-06
2,2,0.006695225,0.027273595,0.8730343,0.08001769,0.012979194
2,2,7.0745597e-07,4.8908198e-05,0.97659576,0.020041518,0.003313063
0,0,0.9921435,0.0076745613,0.00017194309,2.6205216e-06,7.301064e-06
2,2,1.22926e-05,0.00022970191,0.9162304,0.03607531,0.047452286
2,2,3.205892e-05,0.009135616,0.9890244,0.00142169,0.00038624534
2,1,0.011600338,0.62617433,0.36074147,1.6590828e-05,0.0014673357
0,0,0.98545593,0.013629399,0.0007471034,6.056944e-05,0.00010685216
4,4,1.8510891e-05,0.003538662,0.1550991,0.098315425,0.7430283
2,2,0.00048485017,0.14347416,0.7492392,0.0021712591,0.10463052
0,0,0.9635442,0.03536978,0.0010658923,7.851144e-06,1.2288186e-05
0,0,0.9988385,0.0010532314,9.1217495e-05,1.0563679e-06,1.6077676e-05
0,0,0.9994986,0.0004083174,8.902789e-05,1.5063621e-06,2.4762019e-06
1,0,0.8636313,0.088189654,0.047211006,0.00019606588,0.00077193533
0,0,0.99997354,7.522666e-06,1.8384355e-05,4.361716e-07,6.277604e-08
0,0,0.9992056,0.00053794734,0.00024894936,4.138776e-06,3.3492227e-06
0,0,0.9993655,0.00014566163,0.0004531627,3.153664e-05,4.1441785e-06
0,0,0.9980386,0.0017064448,0.0002458013,5.0671665e-06,4.211057e-06
0,0,0.99844474,0.0014714776,7.291664e-05,1.2229873e-06,9.613672e-06
0,0,0.9993129,0.00055392616,0.00013170064,1.0026395e-06,5.098244e-07
1,1,0.0016583645,0.7634365,0.23400041,0.00020635361,0.0006983816
1,1,0.00031770958,0.84418386,0.15229131,0.00013098499,0.00307607
0,0,0.9994012,0.0005855121,1.2932797e-05,5.19318e-08,2.4421732e-07
0,0,0.9991442,0.0006692134,0.0001354583,3.4426166e-06,4.7716592e-05
3,4,0.00012184898,0.003595618,0.2113877,0.26581445,0.51908046
3,2,7.859991e-05,0.010580866,0.6447092,0.31617612,0.02845521
0,0,0.99989593,9.659913e-05,6.7167834e-06,5.0804107e-07,2.1564931e-07
0,0,0.9934103,0.0062013874,0.0003756535,4.4137228e-06,8.249223e-06
2,2,4.7798243e-05,0.050827157,0.9053695,0.009963696,0.033791877
0,0,0.99898297,0.00086597644,0.00014462991,2.2489357e-06,4.123299e-06
2,2,7.066672e-05,0.02825809,0.5855115,0.38550034,0.0006593468
4,4,0.00016194375,0.013832623,0.081784375,0.07603234,0.82818866
3,2,0.0015315945,0.036492273,0.82174754,0.1061772,0.03405133
4,4,2.9694245e-05,0.0013534952,0.44253695,0.09180001,0.46427983
1,1,0.27019012,0.58935016,0.124888144,0.0026542768,0.01291737
2,2,2.0336627e-06,0.0003380277,0.9884852,0.0036356777,0.0075390562
2,2,0.00017030729,0.045427088,0.95343155,0.00028789297,0.00068316865
1,1,0.00037819816,0.8966476,0.10191589,3.8002017e-05,0.0010202555
0,0,0.99996686,2.3161478e-05,9.685962e-06,8.551965e-08,2.467749e-07
2,2,0.00016466965,0.050920464,0.831079,0.029757116,0.08807872
2,2,0.00017915307,0.0049634785,0.79397327,0.06848966,0.13239443
2,2,0.0020206973,0.14368187,0.8517695,0.00094450923,0.0015834157
2,2,0.004019728,0.0836909,0.90767235,0.004377278,0.00023975545
0,0,0.9957414,0.00408163,0.00015568968,6.951113e-06,1.4201571e-05
3,3,3.2926266e-05,0.0010260288,0.30374047,0.68493867,0.010261874
0,0,0.99962246,0.0003329857,4.181305e-05,4.1971938e-07,2.2757688e-06
2,3,3.940243e-05,0.002104735,0.35292983,0.60359037,0.04133569
2,2,9.671992e-05,0.131541,0.85543776,0.0051825033,0.0077420967
0,0,0.97736776,0.022172818,0.00039395693,8.715478e-06,5.677312e-05
0,0,0.9994869,0.0004149337,8.568114e-05,7.799389e-06,4.6962623e-06
0,0,0.97524387,0.02222039,0.0024239752,7.938264e-06,0.00010378723
2,2,2.2765134e-05,0.00044407326,0.7488322,0.19858368,0.052117243
0,0,0.9990963,0.00088720844,1.4800301e-05,3.6711145e-07,1.4365197e-06
2,1,0.001853682,0.8168827,0.17862944,0.00038629663,0.002247814
0,0,0.99926406,0.0007044963,2.9275354e-05,1.2777197e-06,8.1353625e-07
2,2,0.0007649993,0.22215934,0.7643303,0.001259711,0.011485638
2,2,0.00015083808,0.0055188457,0.72439754,0.18345167,0.086481124
2,2,5.905833e-05,0.026160458,0.9673718,0.004729592,0.0016791871
2,2,0.00038847717,0.06565744,0.90801525,0.006378515,0.019560317
0,0,0.9863385,0.013550837,8.991529e-05,1.4015993e-06,1.9316183e-05
0,0,0.98738116,0.006837504,0.0053596273,0.00022722404,0.00019440136
2,2,4.217083e-05,0.011536146,0.98606765,0.0014979374,0.00085606065
0,0,0.985329,0.014170723,0.0004946118,2.1015696e-06,3.6516828e-06
2,2,1.67026e-05,0.0070205755,0.98424804,0.000484075,0.008230695
3,2,0.00047476785,0.000421005,0.73566836,0.26307845,0.00035738412
0,0,0.9520186,0.02569916,0.020331554,0.001006876,0.000943844
2,2,0.00015741197,0.063259445,0.8567945,0.029485755,0.050303027
2,2,5.516485e-06,0.0007754338,0.9614791,0.0100994855,0.02764046
0,0,0.9998635,0.00010316103,2.9115616e-05,2.8347338e-06,1.4448029e-06
2,2,4.848155e-05,0.0027775744,0.59069127,0.06506006,0.34142262
0,0,0.99973243,0.00023415813,2.6846452e-05,2.283616e-06,4.343637e-06
2,2,0.0003926998,0.021860324,0.52100015,0.22814733,0.22859947
0,0,0.99938107,0.00020657889,0.00039839614,1.3373125e-05,5.3658806e-07
0,0,0.9985599,0.0011801281,0.00024612513,4.5929364e-06,9.29508e-06
2,3,7.2213006e-05,0.006035911,0.27020425,0.45624256,0.26744512
2,2,5.4044052e-05,0.021446815,0.90703773,0.028685195,0.04277617
0,0,0.9947728,0.0042427345,0.00094392383,2.7972714e-05,1.2421057e-05
4,4,5.5296177e-06,5.954216e-05,0.00072711945,0.19840665,0.80080116
0,0,0.9999571,3.7146405e-05,5.576514e-06,6.529424e-08,7.476774e-08
0,0,0.9995965,0.00038218062,2.0378147e-05,2.216459e-07,7.724215e-07
0,0,0.9984371,0.0015418988,1.9724599e-05,2.7013706e-07,9.321441e-07
4,1,0.02013021,0.43749005,0.2519989,0.113260105,0.17712077
3,2,4.0777682e-05,0.0010241835,0.6634317,0.28796214,0.0475412
0,0,0.9994326,0.0004936361,7.206088e-05,1.1148667e-06,4.253441e-07
4,3,4.6612513e-06,0.00044130787,0.0013773463,0.8890786,0.10909806
0,0,0.9858067,0.013831642,0.0003378834,9.240352e-06,1.459998e-05
0,0,0.9971725,0.002035359,0.0005784347,1.5356085e-05,0.00019843777
2,2,0.0026144532,0.08574721,0.90251607,0.0050503593,0.0040719155
0,0,0.99593735,0.0034386518,0.00060249213,3.028775e-06,1.8424744e-05
1,2,0.00062979636,0.2795359,0.71863675,0.00071101007,0.00048653033
0,0,0.99967664,0.00028410833,3.8594848e-05,2.4013409e-07,3.2339344e-07
0,0,0.99314296,0.0066065337,0.00024832063,8.3574395e-07,1.3889558e-06
0,0,0.99650395,0.003400028,7.2008035e-05,3.19515e-06,2.0892396e-05
3,3,1.8016772e-05,9.982402e-05,0.027732532,0.807462,0.16468765
0,0,0.9923133,0.0073341955,0.00032715045,1.0986687e-05,1.43061825e-05
3,3,6.573438e-05,0.0058797593,0.4475922,0.51372457,0.032737747
0,0,0.99712247,0.0028221088,5.3677257e-05,4.8196216e-07,1.1530234e-06
0,0,0.9858741,0.013559415,0.0004745808,5.4661876e-05,3.725313e-05
1,0,0.5315158,0.121416345,0.34352803,0.0020314427,0.0015084688
0,0,0.9958591,0.0038938327,0.0002283933,5.5349324e-06,1.3118606e-05
0,0,0.9998219,5.0752456e-05,0.000119362216,7.699158e-06,3.89418e-07
2,2,7.5634794e-06,0.00032863737,0.9610725,0.010462666,0.028128609
0,0,0.97000915,0.029588468,0.00037684615,6.837175e-06,1.8768416e-05
0,0,0.9863488,0.011619114,0.0019766267,3.2198193e-05,2.316724e-05
0,0,0.9973984,0.002521641,7.7977755e-05,7.830654e-07,1.2482218e-06
2,3,7.4369123e-06,5.8398247e-05,0.40742058,0.5536877,0.038825832
2,2,2.9923515e-06,0.0010801512,0.98217255,0.009830036,0.006914316
2,2,1.943121e-06,0.00024796557,0.9628943,0.0023964436,0.034459345
0,0,0.9961442,0.0034624955,0.00038727364,2.882037e-06,3.2197472e-06
1,1,0.002744555,0.71542764,0.2801822,0.0012655655,0.0003800482
1,1,0.0050897202,0.9113256,0.07198496,0.0103935795,0.0012061995
1,1,0.0040716412,0.9195858,0.07456619,0.00032850294,0.0014477597
0,0,0.9995152,0.00044377416,3.464168e-05,3.812753e-06,2.670154e-06
2,2,5.0442075e-05,0.00086602586,0.688646,0.27523404,0.03520348
2,2,0.00013429979,0.029544847,0.94878185,0.002239079,0.01929993
2,2,0.00010725959,0.12562317,0.86029494,0.00075772725,0.01321692
1,1,0.053393777,0.92616767,0.018805051,9.094759e-05,0.0015425885
0,0,0.9998548,0.00012468113,1.8420234e-05,1.1267632e-06,8.8697595e-07
1,2,0.0020226715,0.104677275,0.6585908,0.117799826,0.11690943
2,2,2.2757615e-05,0.0018988468,0.9930132,0.00011701948,0.0049482686
0,0,0.9999447,4.822793e-05,7.059472e-06,9.172442e-08,4.2926704e-08
1,1,0.007348931,0.9469733,0.043466914,2.9333314e-05,0.0021815028
2,2,2.15358e-05,0.0006010797,0.93269503,0.05008611,0.016596155
0,0,0.99938226,0.000580211,3.5647525e-05,7.3272787e-07,1.1903594e-06
4,4,6.4492833e-06,4.1969706e-05,0.00031701478,0.0347099,0.96492463
2,2,0.00015871871,0.012777776,0.9868962,6.757606e-05,9.978649e-05
1,1,0.007969081,0.62379164,0.35319793,0.00045025614,0.014590998
2,2,0.00035201258,0.22852741,0.7544924,0.013012498,0.0036156743
1,1,0.025024775,0.950087,0.024298942,0.00013897136,0.0004502642
2,2,5.969862e-05,0.012415733,0.98343825,0.00036919172,0.003717119
0,0,0.99984455,0.00014840548,6.595972e-06,3.4753208e-07,1.5240057e-07
3,4,0.00014469177,0.00020080611,0.018619774,0.19412196,0.78691274
1,2,0.002686998,0.30686998,0.57836294,0.02172143,0.090358675
0,0,0.9993849,0.0005224415,8.416723e-05,2.2110344e-06,6.294286e-06
0,0,0.99935454,0.0006186842,2.5231662e-05,2.550623e-07,1.2653652e-06
0,0,0.9974644,0.0024221435,0.00011007343,1.088696e-06,2.2919908e-06
1,2,6.4469473e-06,0.37781247,0.6071218,0.004602562,0.010456768
2,2,4.155746e-05,0.0023101554,0.8810344,0.00070532033,0.11590872
0,0,0.9971674,0.0027056164,0.00011036541,3.7635389e-06,1.2989789e-05
0,0,0.99966097,0.0002873133,4.852108e-05,2.179846e-06,1.1160598e-06
2,2,0.00014644962,0.0447259,0.72390187,0.19010516,0.041120686
2,2,0.00048168772,0.20318742,0.7581753,0.017113859,0.021041645
1,2,0.013312515,0.26549053,0.70752996,0.0126183415,0.0010486388
1,1,0.12833013,0.8149057,0.053886894,0.00045193956,0.0024253938
2,2,0.00020217392,0.11757073,0.7512042,0.10792759,0.023095274
4,3,3.0392759e-05,7.601339e-05,0.024481246,0.89135104,0.08406135
4,3,0.0001933487,0.0013676906,0.23223661,0.5329009,0.23330146
0,0,0.6282961,0.3435648,0.026038215,9.406455e-05,0.002006763
1,1,0.1797452,0.7704594,0.046226133,0.0011495647,0.0024196622
0,0,0.8709451,0.11363141,0.014624361,0.0005148359,0.00028426817
0,0,0.9856067,0.012937065,0.001418365,2.6316425e-06,3.5261386e-05
1,1,0.017663974,0.96785796,0.01396534,0.000118487085,0.00039425396
1,1,0.012130607,0.83026737,0.14919943,0.004049581,0.0043529896
2,2,0.000686629,0.1127295,0.78827393,0.07915461,0.01915529
1,1,0.017905777,0.9705164,0.01086932,3.2538e-05,0.00067595806
2,2,4.190502e-05,0.039439365,0.9409049,0.00913737,0.010476456
4,2,1.9483134e-05,0.0023130102,0.44501752,0.14492531,0.40772462
2,2,0.0002534347,0.10273416,0.8889848,0.0025279876,0.0054996125
4,4,1.3036581e-05,0.00019726265,0.29310647,0.06017213,0.6465111
0,0,0.9988859,0.0010710518,4.0290375e-05,9.41141e-07,1.7900967e-06
4,2,7.1945433e-06,0.006385573,0.8677073,0.09109626,0.034803625
0,0,0.9957561,0.003971095,0.0002430366,7.242141e-06,2.2572855e-05
0,0,0.99987507,0.00011593488,8.8969355e-06,5.5902408e-08,2.5775199e-08
0,0,0.9730016,0.025067382,0.0018416296,5.7665697e-05,3.1793614e-05
1,1,0.02888967,0.7756234,0.14481647,0.0029242504,0.047746234
0,0,0.9998032,0.00016303471,3.2657386e-05,6.2362994e-07,5.0708496e-07
1,1,0.008367502,0.8667578,0.12037153,0.0007361523,0.0037669758
2,2,2.224758e-06,0.00090876006,0.96467316,0.010324402,0.024091456
2,2,0.00011378839,0.010523717,0.86825675,0.015236236,0.10586948
0,0,0.99875546,0.0011933701,4.6967187e-05,1.407818e-06,2.9035584e-06
0,0,0.99415046,0.0036923836,0.0020393108,1.545846e-05,0.00010221848
0,0,0.99189645,0.0077988827,0.00023462999,1.8166273e-05,5.1911193e-05
3,2,5.622878e-06,0.00055935205,0.9329153,0.0483989,0.01812086
0,0,0.99296266,0.0068337996,0.00015025394,1.3100551e-05,4.0258667e-05
0,0,0.99943835,0.00045579707,0.00010225227,8.035139e-07,2.8285606e-06
4,4,0.00014178529,0.0023484,0.062008966,0.123454526,0.8120464
0,0,0.9990308,0.00016704485,0.0007787125,1.607709e-05,7.239633e-06
2,2,7.912455e-06,0.010901552,0.98356706,0.0021395884,0.003383847
1,2,8.487493e-05,0.20748787,0.7309048,0.037668202,0.0238542
3,2,4.6028825e-05,0.0076818126,0.60817015,0.28307354,0.10102847
2,2,0.00039762573,0.33688214,0.6387123,0.004084964,0.019922988
0,0,0.99973685,0.00017267905,8.22187e-05,2.7150352e-06,5.4536235e-06
0,0,0.846467,0.12878528,0.024561265,0.00011165651,7.475339e-05
0,0,0.9989186,0.00022515334,0.0008364237,1.7963024e-05,1.8072918e-06
0,0,0.9978981,0.002023455,7.283489e-05,1.8666084e-06,3.851433e-06
2,2,0.00056536344,0.10064517,0.89260566,0.0009255797,0.0052581527
0,0,0.9977392,0.0020741737,0.00017876257,3.8705734e-06,4.063427e-06
0,0,0.9992199,0.0007506036,2.8572429e-05,2.576159e-07,5.453578e-07
4,2,5.165551e-06,8.00823e-05,0.6156084,0.21949486,0.16481149
2,2,4.1874813e-05,0.0015531429,0.49371564,0.4891062,0.015583091
0,0,0.92091596,0.07798727,0.0010611049,5.5021105e-06,3.0113233e-05
2,2,1.3575343e-06,0.00024072108,0.9444294,0.05155273,0.0037758013
0,0,0.99712723,0.0026002724,0.00026433752,4.775077e-06,3.3754545e-06
4,2,3.5805663e-06,0.0025362975,0.7599941,0.07795882,0.15950726
4,2,4.372861e-05,0.021497699,0.79820377,0.042140163,0.13811465
0,0,0.99564856,0.0042511458,9.430135e-05,1.3093618e-06,4.6698465e-06
0,0,0.9980837,0.0018299718,8.004873e-05,8.333719e-07,5.4939164e-06
1,1,0.0031152056,0.72819364,0.2608504,0.0015025964,0.006338094
0,0,0.99570173,0.0040985146,0.00017445601,1.9039824e-06,2.342623e-05
3,2,9.451412e-06,0.00028623646,0.7307642,0.20378579,0.06515434
0,0,0.96912974,0.030112633,0.0007165086,9.651705e-06,3.1386164e-05
2,2,9.8784585e-05,0.0046688663,0.86192274,0.044945356,0.08836428
0,0,0.7527018,0.18360446,0.024849378,0.00049423164,0.038350064
0,0,0.9983942,0.0015262113,5.0884748e-05,5.3078415e-06,2.3340323e-05
0,0,0.9995659,0.00042109404,1.1369837e-05,9.4846155e-07,7.084002e-07
0,0,0.95250064,0.043831013,0.0035645321,5.702818e-06,9.809225e-05
0,0,0.9994673,0.00051581743,1.3599463e-05,2.2918113e-07,3.095111e-06
2,2,7.893773e-07,0.00040097945,0.9948241,0.0035280085,0.0012461353
2,2,0.0008585332,0.07448171,0.92392266,2.3114415e-05,0.000713951
0,0,0.9925882,0.0061913854,0.0010182807,2.9967006e-05,0.00017214718
4,2,0.00046569682,0.0037413512,0.9899239,0.0042511825,0.0016178645
4,4,1.3449105e-05,0.0001077834,0.1485822,0.012992949,0.8383037
2,2,2.9386169e-05,0.007137513,0.9644603,0.021053884,0.0073188366
0,0,0.99339557,0.0063413843,0.00020831489,4.1958456e-06,5.0520015e-05
2,2,1.7062536e-06,0.00884789,0.9902181,3.6545364e-06,0.0009285897
0,0,0.9985077,0.001098406,0.0003573797,1.562438e-05,2.0948126e-05
0,0,0.9900013,0.009513393,0.0004173148,1.5690572e-05,5.231049e-05
1,0,0.9211869,0.066374205,0.011886533,2.8955541e-05,0.0005235284
0,0,0.99916136,0.0005784564,0.00023201745,5.2641326e-06,2.2817554e-05
2,3,1.9351577e-05,0.00010480946,0.39851522,0.5407327,0.060627982
2,1,0.0033573762,0.5303708,0.42837447,0.012959142,0.024938306
1,1,0.002361617,0.73063654,0.26396993,0.0001369669,0.002894949
2,2,0.00013306532,0.04582561,0.94569516,0.0025546774,0.0057914965
3,2,4.65953e-05,0.0004689584,0.67224187,0.1524201,0.17482255
0,0,0.8791908,0.08683715,0.029830828,0.00025974467,0.0038815523
4,2,0.00011142158,0.0025219216,0.61191976,0.17119592,0.21425098
2,2,0.0007144225,0.15216272,0.7803934,0.0041222596,0.06260719
0,0,0.9897167,0.010178241,9.966793e-05,1.2494818e-06,4.0734863e-06
0,0,0.9998368,0.00014575923,1.6928381e-05,1.00967014e-07,4.1054074e-07
0,0,0.9989097,0.0009908851,9.4081974e-05,7.3727495e-07,4.6361884e-06
0,0,0.99846244,0.0013668066,0.00014526625,4.74227e-06,2.0835725e-05
0,0,0.99785393,0.0020451595,8.6631815e-05,2.223168e-06,1.2027401e-05
0,0,0.9992506,0.0007099631,3.666311e-05,9.280283e-07,1.8118037e-06
1,1,0.12399835,0.82391953,0.048227414,0.0001528057,0.003701925
0,0,0.99884176,0.0009453241,0.00020474778,3.2986097e-06,4.787773e-06
2,2,4.4813063e-05,0.02283672,0.9767765,1.0687265e-05,0.00033124402
0,0,0.9986261,0.0012302231,0.00012448942,4.24116e-06,1.4889837e-05
2,2,0.00014909013,0.05505811,0.94365513,0.00032245848,0.0008151512
3,3,7.639197e-06,0.00051664683,0.11672293,0.8290418,0.05371097
4,2,9.819613e-05,0.064179696,0.8229365,0.026096826,0.08668886
0,0,0.97896063,0.019323085,0.0016548485,9.151867e-06,5.224002e-05
0,0,0.9995493,0.00016026628,0.0002823969,6.561155e-06,1.4845393e-06
4,4,3.4271557e-06,7.1332244e-05,0.009692419,0.051023673,0.9392092
1,1,0.012954743,0.9746163,0.011973565,1.4273909e-05,0.00044116328
2,1,0.012779701,0.79777634,0.17915982,0.0008872914,0.009396831
0,0,0.99862814,0.0012915494,7.6947385e-05,9.51685e-07,2.4481453e-06
0,0,0.9992944,0.000611541,7.432302e-05,1.4296289e-06,1.8207527e-05
2,2,1.2806306e-06,0.012852649,0.98478967,0.0006969289,0.0016593874
4,3,2.4819306e-06,3.9271643e-05,0.029510347,0.8993691,0.0710788
0,0,0.99953824,0.00043026838,2.9240386e-05,5.5651935e-07,1.6202412e-06
2,2,1.7062536e-06,0.00884789,0.9902181,3.6545364e-06,0.0009285897
2,2,3.228496e-05,0.009952428,0.9777334,0.006688531,0.0055933637
2,2,0.001674807,0.17480157,0.7705292,0.023575965,0.029418517
4,3,0.00056670455,0.0061297053,0.026676403,0.87085307,0.09577411
4,2,0.00017215971,0.01494613,0.52396697,0.11522986,0.34568495
0,0,0.9539395,0.039131608,0.0063948766,0.0002868916,0.00024722386
2,2,0.002206925,0.17240384,0.8015071,0.022679916,0.0012021844
0,0,0.99648404,0.0033948973,0.00010729033,2.8672077e-06,1.0899733e-05
0,0,0.99945503,0.00051278487,3.13582e-05,3.0138514e-07,6.377135e-07
0,0,0.9995406,0.00040754984,3.804371e-05,5.0511335e-06,8.722884e-06
2,2,5.9485188e-05,0.0076968623,0.8757802,0.10783787,0.008625504
3,3,3.2604796e-05,0.0006881281,0.12832582,0.7162983,0.15465508
0,0,0.999974,2.3532893e-05,2.4038277e-06,4.059325e-08,4.7957148e-08
0,0,0.99987376,0.000120205186,5.7040315e-06,1.7112984e-07,9.30848e-08
0,0,0.99808073,0.0013809117,0.0005239272,1.2177364e-05,2.2541935e-06
0,0,0.9982291,0.0016675919,9.713748e-05,1.213724e-06,4.9585174e-06
0,0,0.9998225,0.00011810248,5.782865e-05,6.7978027e-07,8.423966e-07
0,0,0.99989927,7.8613404e-05,2.1030382e-05,6.495116e-07,4.1861657e-07
0,0,0.99581355,0.0032883163,0.00085786416,1.535799e-05,2.4773813e-05
2,2,5.0472416e-05,0.005001616,0.80055207,0.13792941,0.056466393
0,0,0.9984432,0.0015005828,5.4628574e-05,1.838311e-07,1.3896621e-06
4,4,0.00010032705,0.000237804,0.0037903807,0.128612,0.8672595
4,2,0.00030023744,0.004524922,0.73901606,0.2501527,0.0060061184
2,1,0.003961628,0.5388158,0.43058807,0.019228922,0.007405627
2,2,3.863787e-05,0.015789498,0.9556457,0.015830692,0.012695576
0,0,0.9958121,0.0033217072,0.0006202914,1.7570337e-05,0.00022832089
0,0,0.9983742,0.0015099394,0.000114209986,6.9449516e-07,8.068788e-07
0,0,0.96831405,0.028494054,0.0031271765,2.3353196e-05,4.1421914e-05
0,0,0.99974555,0.00024267405,1.0977077e-05,3.207857e-07,4.891799e-07
0,0,0.9939692,0.003505008,0.001013568,3.8564798e-05,0.0014736742
0,0,0.99996984,2.204304e-05,7.526147e-06,3.8676995e-07,2.2634548e-07
0,0,0.9991084,0.00082539476,6.206339e-05,2.468493e-06,1.6275865e-06
3,2,7.270794e-05,0.0022825263,0.9343456,0.017442226,0.04585695
3,3,2.0353598e-05,0.00018839203,0.12294236,0.8147864,0.062062435
2,2,2.8534678e-05,0.0033460984,0.9234285,0.016254177,0.056942683
0,0,0.997361,0.0025350323,9.58699e-05,1.8320794e-06,6.333245e-06
0,0,0.9960148,0.0024182473,0.0015129563,2.8886707e-06,5.111529e-05
2,1,0.00014238195,0.84543765,0.15367644,4.5865105e-05,0.00069771823
0,0,0.99979174,0.0001586111,4.0888674e-05,1.7709674e-06,6.8834074e-06
2,2,0.0015940304,0.17633455,0.75362045,0.032858934,0.035592057
0,0,0.98306495,0.016016291,0.00090622716,5.7936554e-06,6.8374434e-06
1,1,0.0046356646,0.8766821,0.11782993,3.549504e-05,0.000816812
2,2,0.00025265844,0.090361156,0.82208276,0.021394782,0.06590866
0,0,0.9982489,0.0014702701,0.00027142174,3.9074635e-06,5.4203365e-06
0,0,0.99960124,0.00036659418,2.9654582e-05,1.4933195e-06,9.0100576e-07
2,2,4.5996818e-05,0.00034518875,0.6983244,0.27068785,0.030596567
0,0,0.9986505,0.0011824365,0.00014678566,3.544452e-06,1.6804031e-05
0,0,0.9998096,0.00015830701,2.6844506e-05,3.3396022e-06,1.9288693e-06
0,0,0.9988757,0.0009943851,0.00012799569,1.1595372e-06,7.649687e-07
2,2,0.00030530524,0.063993655,0.93097305,0.0036136406,0.0011143818
0,0,0.9996066,0.0002858162,9.672455e-05,1.2854493e-06,9.521438e-06
2,2,0.00014127781,0.018828241,0.8473271,0.10362057,0.030082775
3,3,1.3413481e-05,0.00019647043,0.106632285,0.88857,0.00458785
0,0,0.99969465,0.00013160452,0.00015280928,7.956141e-07,2.0117563e-05
0,0,0.9972801,0.0023598806,0.00023682293,2.9204362e-05,9.39079e-05
0,0,0.99905187,0.0005651079,0.0003477161,2.9836916e-05,5.4420343e-06
2,2,1.4674673e-05,0.0025771698,0.9844715,0.0022007292,0.01073594
1,1,0.00170672,0.9687808,0.029373724,3.1040607e-05,0.00010767531
2,2,0.012130063,0.35163072,0.50743276,0.030426072,0.09838044
0,0,0.96856236,0.030780574,0.0006271466,1.3269701e-05,1.667272e-05
2,2,0.00011965064,0.006378107,0.5488198,0.43370175,0.010980751
0,0,0.99870574,0.0005355501,0.00071487355,2.3929193e-05,1.9866055e-05
0,0,0.9993063,0.00034784377,0.00033076966,1.1631527e-05,3.3243434e-06
0,0,0.9988815,0.0010723294,4.2912052e-05,1.060364e-06,2.2849426e-06
3,3,7.748517e-06,0.00013784938,0.14000823,0.81011754,0.049728706
4,2,3.2078406e-05,0.062289804,0.93726873,0.00031753778,9.177921e-05
0,0,0.98953944,0.010150543,0.00027149124,6.610875e-06,3.1795633e-05
2,2,0.00014021077,0.14119005,0.8365186,0.0053973035,0.016753849
0,0,0.9519983,0.047043025,0.0009459,2.089332e-06,1.0615745e-05
0,0,0.9983639,0.0015031683,9.707659e-05,2.669613e-06,3.303627e-05
0,0,0.99546826,0.0043700486,0.00015895373,1.3366787e-06,1.4143476e-06
0,0,0.94461155,0.05324399,0.0019956979,8.305013e-05,6.569681e-05
2,2,8.6195185e-05,0.03023656,0.8635193,0.09577572,0.010382232
1,1,0.21337785,0.7473246,0.036476865,0.00041150625,0.0024091594
2,2,0.00013703384,0.2830177,0.68948203,0.0117913205,0.015571947
0,0,0.99991024,6.246515e-05,2.6281426e-05,4.2108442e-07,6.1170334e-07
2,2,1.2126831e-05,0.0005734773,0.85974365,0.13126093,0.0084098745
0,0,0.9992957,0.00027802243,0.0004157724,9.433889e-06,1.1281238e-06
2,3,1.6044161e-05,0.0001726554,0.39821285,0.53184783,0.069750614
2,2,0.00026587798,0.07310504,0.88872766,0.004744267,0.03315714
2,2,0.00015173797,0.007127011,0.50354975,0.047549646,0.44162187
0,0,0.9998543,0.000102621874,4.0544386e-05,5.2688307e-07,1.9855313e-06
0,0,0.99845636,0.0013959561,0.00013501178,1.9874462e-06,1.0731877e-05
4,2,0.00023418988,0.18554278,0.8011464,0.0038969996,0.009179619
1,1,0.04686524,0.896011,0.043396033,0.0008697527,0.012857999
2,1,0.011199326,0.60443646,0.3749785,0.0064776773,0.0029080745
2,2,8.215977e-05,0.013823635,0.92816967,0.021615481,0.036309034
1,2,0.00011234946,0.034011673,0.9334052,0.019782834,0.0126878945
1,1,0.005546022,0.9142834,0.07802018,0.00016201692,0.001988289
1,1,0.025845764,0.952683,0.020737046,1.4322994e-05,0.00071994896
2,2,1.971162e-05,0.018168105,0.9111589,0.041497637,0.029155638
2,2,0.00014042394,0.017409129,0.89329576,0.06284628,0.026308408
4,4,9.594891e-05,0.0002840512,0.010562563,0.029026408,0.96003115
0,0,0.9929971,0.0069320584,4.4981894e-05,5.367192e-07,2.5366775e-05
2,2,0.00029807168,0.094579175,0.8791125,0.012802781,0.013207529
0,0,0.9994862,0.00043270836,7.610893e-05,2.4380536e-06,2.4695137e-06
0,0,0.99725336,0.0025784667,0.00014099569,7.346047e-06,1.9820902e-05
0,0,0.9798855,0.015108983,0.0049122563,4.561055e-05,4.7559188e-05
0,0,0.99975044,0.00019654576,4.7379322e-05,1.5197122e-06,4.0370824e-06
3,3,3.0489226e-05,0.0003583147,0.07937019,0.8547695,0.065471575
0,0,0.99745136,0.001553074,0.0008994063,7.629843e-06,8.851891e-05
0,0,0.99982977,0.00010385138,6.389305e-05,1.4460197e-06,1.1147811e-06
0,0,0.86008847,0.13821232,0.0014852813,4.7176032e-05,0.00016667017
1,1,0.057371993,0.6107646,0.32608438,0.0027655123,0.0030135321
0,0,0.9999138,6.256119e-05,2.2553493e-05,4.8880236e-07,5.817945e-07
2,2,9.303345e-05,0.0028328337,0.903151,0.06616435,0.027758796
0,0,0.9990916,0.00042261273,0.0004465662,3.209032e-05,7.132341e-06
0,0,0.9999498,4.102721e-05,8.685273e-06,2.531026e-07,1.9484771e-07
0,0,0.99577004,0.0016341126,0.0024315822,0.00011125792,5.306004e-05
2,2,0.0017187318,0.026790649,0.90159565,0.045153596,0.024741469
0,0,0.99771607,0.0018625796,0.000368671,1.4697054e-05,3.7930866e-05
4,4,0.00018194712,0.00054199586,0.14689663,0.33773443,0.514645
0,0,0.9992833,0.0006810624,2.9704748e-05,1.8259135e-06,4.1087833e-06
0,0,0.98729765,0.012020128,0.0006278497,8.492173e-06,4.5727884e-05
0,0,0.99982333,0.000156432,1.8771383e-05,7.157936e-07,7.780002e-07
0,0,0.99844354,0.0012405292,0.00031019055,1.7327451e-06,4.011948e-06
0,0,0.99916834,0.00021666937,0.0005750488,1.7277394e-05,2.2633496e-05
0,0,0.9999194,5.443855e-05,2.384378e-05,1.3450034e-06,9.580897e-07
0,0,0.9991115,0.00022895682,0.00041674785,2.11292e-05,0.00022165113
1,1,0.0017592649,0.53363043,0.4516838,0.0056648585,0.0072616516
0,0,0.99223703,0.007492362,0.00024563956,4.498432e-06,2.0500078e-05
0,0,0.73251367,0.25774193,0.0084630335,0.00023180671,0.0010496342
2,2,0.012257575,0.34105805,0.6014013,0.034737423,0.010545595
0,0,0.9980788,0.0018564767,6.1071754e-05,2.1573924e-06,1.6039505e-06
1,1,0.25838384,0.7039497,0.034169093,0.0007185074,0.0027788654
0,0,0.99837244,0.0015979054,2.8528573e-05,2.646594e-07,8.7056657e-07
0,0,0.9962142,0.0029609804,0.00077541557,3.8718637e-05,1.063843e-05
2,2,7.403974e-05,0.10904765,0.82528484,0.05582772,0.009765713
0,0,0.99933213,0.00016134331,0.0004793629,2.0462327e-05,6.700562e-06
0,0,0.99909127,0.00064243906,0.000251894,3.680858e-06,1.0745514e-05
0,0,0.9997254,0.00010066625,0.00015507366,1.4071326e-05,4.714212e-06
0,0,0.9969137,0.0030083992,7.488194e-05,1.2884861e-06,1.8005709e-06
3,2,0.00014443252,0.0015536617,0.46689266,0.22014828,0.31126103
4,4,2.8730094e-07,4.484528e-06,0.00049299444,0.05215668,0.9473455
0,0,0.995643,0.004041804,0.0002971208,2.1759392e-06,1.5883032e-05
3,4,4.9445778e-05,0.0040174876,0.35054913,0.29212072,0.35326326
4,4,0.0010770389,0.012229003,0.32887012,0.193511,0.46431294
0,0,0.9562239,0.039751466,0.0038773187,5.0823084e-05,9.6518044e-05
4,1,7.9638696e-05,0.56701976,0.42206353,0.0011926965,0.009644345
0,0,0.9979809,0.0019580077,5.2558902e-05,5.9238516e-07,7.965932e-06
4,4,1.3352175e-05,0.00023223477,0.25951898,0.33468646,0.405549
0,0,0.9993869,0.0005836431,2.7059297e-05,1.4107826e-06,9.616408e-07
0,0,0.9994695,0.0004897861,3.8466005e-05,7.608306e-07,1.4757836e-06
0,0,0.98259354,0.01718744,0.00014724978,6.8543204e-06,6.505655e-05
0,0,0.9949332,0.004719842,0.0002301123,4.486681e-06,0.00011238022
1,2,0.002522513,0.39474013,0.60195804,0.00014202605,0.0006372181
0,0,0.99878687,0.0010550634,0.000149342,5.947497e-06,2.8175446e-06
0,0,0.9985598,0.0013660027,4.902366e-05,5.214964e-07,2.4586501e-05
0,0,0.99900395,0.0008789168,0.00011308834,1.9070457e-06,2.14838e-06
0,0,0.9999094,7.8502344e-05,1.1546345e-05,4.2456966e-07,1.4490885e-07
0,0,0.99951303,0.0003007378,0.00018064922,2.4169476e-06,3.1863938e-06
0,0,0.99951196,0.0004723844,1.4571832e-05,1.7461502e-07,1.0088748e-06
4,4,2.7586972e-05,0.0007973276,0.051978353,0.019111458,0.9280853
0,0,0.9993543,0.00055929116,7.576036e-05,1.638546e-06,8.998511e-06
0,0,0.9954653,0.004302239,0.00021913742,5.8403375e-06,7.4616323e-06
4,3,8.777108e-06,8.3198196e-05,0.10174596,0.7952089,0.10295321
2,2,4.766351e-05,0.009337049,0.93687046,0.048079904,0.005664943
0,0,0.9948253,0.004661156,0.00050446356,7.61149e-06,1.4690887e-06
4,4,0.0005445415,0.0014791371,0.005437432,0.18759207,0.80494684
0,0,0.99514145,0.004323524,0.0005248304,5.2221644e-06,4.979822e-06
1,2,0.0032386875,0.25510925,0.6529557,0.0010316934,0.087664686
3,3,1.1619393e-05,2.9130004e-05,0.101211525,0.83927673,0.059470948
0,0,0.9989299,0.0010265928,3.5165533e-05,4.614342e-06,3.716103e-06
0,0,0.9999622,3.4401444e-05,3.0783672e-06,2.3711235e-07,2.7451883e-08
0,0,0.99988866,7.720367e-05,3.0277712e-05,1.0434226e-06,2.8581342e-06
2,2,0.000112351925,0.06622377,0.9224437,0.00034964294,0.010870514
0,0,0.9999815,1.2174322e-05,5.032038e-06,6.711579e-07,6.0829825e-07
0,0,0.99929535,0.00069022586,1.3527886e-05,5.158408e-07,3.31113e-07
2,2,9.282742e-06,0.0015273774,0.99103314,0.00025469402,0.0071755424
0,0,0.86595786,0.12095583,0.012791486,0.00021823993,7.66437e-05
0,0,0.9994516,0.00044227563,0.00010472354,8.148273e-07,5.6431963e-07
0,0,0.99603146,0.0038971407,6.1568586e-05,1.4795362e-06,8.261971e-06
0,0,0.9996955,0.00025565195,4.5487504e-05,3.8224943e-07,2.9972289e-06
2,1,0.002440602,0.7026518,0.2922613,0.000117403215,0.0025288179
4,4,5.695008e-05,0.00033740987,0.005783809,0.4539253,0.5398965
0,0,0.9994105,0.00052242324,6.1732695e-05,1.395586e-06,3.873738e-06
0,0,0.9248745,0.06748488,0.006861305,0.00040014612,0.000379167
0,0,0.999843,0.00015009576,6.7158126e-06,1.07197366e-07,1.0498312e-07
1,1,0.15217601,0.8254663,0.02219741,9.6622985e-05,6.3647625e-05
0,0,0.9987061,0.001218424,7.297149e-05,1.1271228e-06,1.2850987e-06
0,0,0.999461,0.0005312358,7.1248196e-06,3.193771e-07,3.91592e-07
0,0,0.9994961,0.00045397007,4.153526e-05,1.0294615e-06,7.2503435e-06
0,0,0.99129736,0.008340883,0.00024529904,3.7212878e-05,7.918913e-05
0,0,0.9982142,0.0015949378,0.00018010761,5.5435207e-06,5.088515e-06
2,2,7.311443e-06,0.00038266976,0.8172861,0.12914404,0.053179804
1,1,0.0045486614,0.8656591,0.12876739,0.00017286922,0.0008520254
2,2,0.00041632264,0.0724843,0.79921037,0.017175654,0.11071329
2,2,7.209572e-05,0.0023467632,0.8961939,0.07381375,0.027573485
0,0,0.99940443,0.0005710344,2.2646509e-05,4.0710373e-07,1.5512667e-06
2,2,3.8256792e-05,0.15315714,0.8425518,0.0020035922,0.0022492015
0,0,0.99707556,0.0027890392,0.00012276338,3.3039184e-06,9.277457e-06
3,4,4.525013e-06,1.993103e-05,0.01582045,0.23389435,0.7502607
0,0,0.99397635,0.0058880276,0.000112432754,4.713073e-06,1.8543757e-05
2,2,3.033226e-05,0.005582001,0.9247286,0.04205502,0.027603997
0,0,0.99982536,0.00012498912,3.9500188e-05,2.9989965e-06,7.1415893e-06
2,2,2.7157026e-05,0.004055104,0.95053303,0.0061755166,0.039209187
0,0,0.9944927,0.0051049273,0.00031429826,1.8853721e-05,6.9256486e-05
0,0,0.99199015,0.0051917164,0.002798888,4.354686e-06,1.4877331e-05
1,1,0.07056246,0.79436976,0.11708574,0.0018895692,0.01609252
2,2,2.5918265e-05,0.0052403794,0.83356667,0.031131199,0.13003586
0,0,0.9900889,0.008794329,0.0009785469,1.7602259e-05,0.00012062411
1,1,0.08696179,0.84009683,0.06789235,0.00025089004,0.0047981394
2,2,5.09232e-05,0.15680815,0.84037006,0.0018664785,0.0009043583
0,0,0.9942589,0.00566698,6.4535525e-05,9.638441e-07,8.707486e-06
0,0,0.99998605,1.2536397e-05,1.3268091e-06,2.3305333e-08,7.0487175e-08
0,0,0.9996526,0.0003025635,4.2741336e-05,4.5078622e-07,1.6034461e-06
0,0,0.9994616,0.00044156404,8.7177905e-05,2.848996e-06,6.792424e-06
0,0,0.99983335,0.00015521086,1.0668895e-05,3.7745994e-07,3.0141956e-07
1,1,5.23233e-05,0.94818664,0.05077774,0.0005868855,0.00039641393
0,0,0.99748933,0.0023613363,0.00014787317,6.579038e-07,7.6083745e-07
2,2,6.3143896e-05,0.0013297644,0.71218586,0.25025356,0.036167685
2,2,1.5210396e-05,0.075164534,0.9153147,0.0077193263,0.0017862916
1,1,0.0037273567,0.8753991,0.11952485,0.0001210716,0.0012276424
4,3,5.5473214e-05,0.00030624104,0.116127886,0.59947515,0.28403527
2,2,3.2722444e-05,0.015138189,0.9782721,0.0016381895,0.0049188286
4,3,2.57662e-06,4.4718658e-05,0.0006591526,0.644605,0.35468858
0,0,0.91211385,0.08135034,0.0062034703,9.867823e-05,0.00023361247
1,0,0.659138,0.22655205,0.11111185,0.0020160573,0.0011820375
0,0,0.99855083,0.0013759724,6.85902e-05,7.1271245e-07,3.91158e-06
1,1,0.014014371,0.93785775,0.04664055,0.00016901943,0.0013182425
0,0,0.9998306,0.00015840065,1.0306162e-05,2.3391226e-07,4.9096536e-07
2,2,0.00043120855,0.11132341,0.70241183,0.016334632,0.16949898
0,0,0.999789,0.00019453744,1.5789385e-05,4.7817156e-07,2.3588773e-07
0,0,0.99995685,3.5462075e-05,7.0918536e-06,3.7614961e-07,2.8467522e-07
2,4,0.00018889374,0.07601756,0.32495973,0.15460612,0.44422773
2,2,5.3866606e-05,0.007671765,0.9800671,0.00054179726,0.011665482
2,1,0.05709235,0.8733139,0.059005216,0.0019805308,0.008607991
0,0,0.99975234,0.000223165,2.3624223e-05,1.8417713e-07,7.032974e-07
0,0,0.99488574,0.004884445,0.00021689804,5.838575e-06,6.9751018e-06
3,3,6.5857625e-05,0.000466532,0.03968685,0.95336,0.006420743
0,0,0.9743411,0.023961421,0.0016202849,1.1928606e-05,6.530358e-05
0,0,0.9999399,4.5985977e-05,1.3655979e-05,2.2914041e-07,1.1210339e-07
1,1,0.00064686645,0.9056406,0.09333881,4.2752836e-05,0.00033098087
0,0,0.9964018,0.002494964,0.0010444621,4.5817145e-05,1.2957058e-05
4,4,5.8563774e-06,4.8862315e-05,0.0077356957,0.07298845,0.9192212
0,0,0.99021006,0.008884531,0.0008534507,3.2261723e-05,1.9672432e-05
0,0,0.9988373,0.001035751,0.00011804114,1.2999257e-06,7.652543e-06
0,0,0.99425393,0.0055285837,0.00020564534,2.8221546e-06,9.00518e-06
0,0,0.9998678,0.00010133572,2.9578874e-05,2.9812566e-07,9.421622e-07
0,1,0.10385258,0.8498883,0.041215446,0.00029088068,0.004752699
0,0,0.99956936,0.00037537882,5.4137636e-05,3.164033e-07,8.054545e-07
1,2,0.0003603351,0.41802835,0.5471278,0.0027798438,0.031703733
0,0,0.9997941,7.509781e-05,0.00012430717,3.5925384e-06,2.9169385e-06
0,0,0.998638,0.0012890672,6.9758724e-05,8.3254105e-07,2.3565044e-06
0,0,0.98776484,0.011892654,0.00016625928,6.0454513e-06,0.00017016238
2,3,2.6689988e-05,0.0010064637,0.31005794,0.5865975,0.10231147
2,2,0.00035159543,0.15916608,0.59427357,0.012910021,0.23329872
2,2,4.4713695e-05,0.014317065,0.9731023,0.0059686843,0.006567175
0,0,0.9853624,0.013444342,0.0008856969,3.728212e-05,0.00027024135
0,0,0.99952763,0.00038379515,7.931715e-05,1.7975768e-06,7.4192594e-06
4,4,0.00047338792,0.0011791786,0.0129950605,0.033534784,0.9518176
0,0,0.99829596,0.0015843506,6.64647e-05,5.3087215e-06,4.7909176e-05
0,0,0.99949086,0.0003734311,0.00012484238,7.4381283e-06,3.3469885e-06
0,0,0.9997224,0.00022340233,4.958452e-05,8.238743e-07,3.7867726e-06
2,2,9.0295594e-05,0.0027721948,0.6996274,0.22963911,0.067870975
0,0,0.99818003,0.0017521636,6.183328e-05,1.459022e-06,4.5410384e-06
0,0,0.9986357,0.0010759673,0.00026992694,1.405883e-05,4.437193e-06
0,0,0.99905056,0.0009007207,4.594622e-05,6.015792e-07,2.0903292e-06
0,0,0.99961925,0.00035603924,2.1774767e-05,3.5519443e-07,2.5289216e-06
0,0,0.999302,0.0006704966,2.3649482e-05,1.4112629e-06,2.3908924e-06
2,2,6.3323234e-05,0.00374299,0.50938416,0.43648988,0.050319675
2,2,0.0010622691,0.43154016,0.5606455,0.0025724473,0.0041796076
4,4,1.3157497e-06,8.498446e-06,0.0010577653,0.010777363,0.988155
0,0,0.9993967,0.00038909062,0.0001941709,1.2972766e-06,1.8703558e-05
0,0,0.9995703,0.00028420304,0.00013636262,1.7087042e-06,7.55494e-06
0,0,0.96364534,0.034558177,0.0017099462,1.6871621e-05,6.958473e-05
3,3,8.492154e-06,8.34277e-05,0.19788757,0.7891865,0.012834014
2,2,5.8441725e-05,0.023377713,0.9760183,8.453131e-05,0.00046101506
0,0,0.99206185,0.005997322,0.0018166469,8.2212455e-06,0.00011606476
0,0,0.9997928,0.00019150974,1.4530515e-05,2.3654191e-07,8.087485e-07
0,0,0.9972224,0.0015719623,0.0010974532,8.1175254e-05,2.6942096e-05
2,2,3.356231e-05,0.006188498,0.91613454,0.038564857,0.039078508
2,2,0.0009817808,0.027499381,0.96947116,0.00054627826,0.0015013149
0,0,0.99092895,0.007882079,0.0007040482,0.00011912416,0.00036580302
4,2,7.746509e-05,0.015934587,0.91107655,0.06313843,0.009772895
2,4,2.32303e-06,0.0018181269,0.03259427,0.006257977,0.9593273
0,0,0.99133,0.007793605,0.0007826182,4.942741e-05,4.4340002e-05
0,0,0.99963367,0.00033024597,3.4709585e-05,9.895348e-07,3.600936e-07
0,0,0.99893564,0.0008374069,0.00017744311,5.0725243e-06,4.4415305e-05
2,2,0.00038847717,0.06565744,0.90801525,0.006378515,0.019560317
2,2,0.00010537644,0.010015236,0.7038147,0.15165862,0.13440615
0,0,0.99793553,0.0019763645,8.006364e-05,2.6508922e-06,5.3729764e-06
4,4,0.0004255883,0.01111364,0.45154423,0.051591467,0.485325
0,0,0.99918467,0.00055993715,0.00023783385,6.3175407e-06,1.1204084e-05
0,0,0.9983512,0.0015796134,6.4223874e-05,1.1252179e-06,3.8074597e-06
2,2,0.0001583465,0.013793318,0.59251994,0.256093,0.13743538
2,2,0.00010152277,0.10228688,0.89683384,0.00031112664,0.000466641
2,2,2.0362128e-05,0.13547117,0.86135226,0.0030763084,7.991247e-05
2,2,0.00022777922,0.016856132,0.78349096,0.18348695,0.015938148
0,0,0.9985576,0.00042757168,0.0007612526,5.276105e-06,0.0002482672
0,0,0.9962315,0.0033988873,0.0003577103,9.933993e-07,1.089695e-05
3,2,1.0667684e-05,5.004119e-05,0.38339353,0.33662903,0.27991673
4,3,2.1818512e-05,0.006010311,0.05189213,0.7600246,0.18205112
0,0,0.9997352,0.00025037237,1.3759689e-05,5.528063e-07,1.9766674e-07
2,2,0.00025107397,0.00075310015,0.8594201,0.1383959,0.0011799071
0,0,0.9980268,0.0018720945,9.635163e-05,1.1982409e-06,3.5714097e-06
2,1,0.00040548292,0.7882972,0.20703895,0.0026730474,0.0015852513
2,2,3.4420482e-05,0.12267224,0.85764515,0.0038352585,0.01581295
2,2,9.548658e-05,0.1397352,0.8544454,0.00022276648,0.005501147
0,0,0.99696165,0.0023940373,0.00060738367,9.81514e-06,2.7041606e-05
1,1,0.01224497,0.8905144,0.091880724,0.0003860578,0.0049737887
2,2,9.478998e-05,0.09828756,0.80840224,0.0729855,0.020229923
2,2,0.00029775934,0.022441786,0.87953436,0.002221242,0.095504925
4,4,1.7030614e-05,0.0044646305,0.20961796,0.3281368,0.4577636
2,2,0.00010315973,0.0025618938,0.6546947,0.32344097,0.019199364
0,0,0.99871314,0.0011335609,0.00014758276,1.3083677e-06,4.4249605e-06
0,0,0.99982107,9.167884e-05,8.499413e-05,9.789829e-07,1.3339624e-06
0,0,0.99988055,0.00010062341,1.4623099e-05,3.8152837e-07,3.800781e-06
0,0,0.9980894,0.0018534933,5.3231226e-05,1.1353546e-06,2.702482e-06
4,4,0.00011062759,0.0012003089,0.0043956926,0.1406989,0.85359454
0,0,0.99997675,2.1403841e-05,1.7817621e-06,4.3151452e-08,5.116265e-08
0,0,0.9994485,0.00046793264,7.982795e-05,2.4983551e-06,1.3499791e-06
0,0,0.9978976,0.0020069454,8.706789e-05,3.261907e-06,5.1381985e-06
0,0,0.999041,0.0008012146,0.00014526147,2.9373496e-06,9.503772e-06
0,0,0.99993634,2.6621452e-05,3.4815283e-05,1.6275345e-06,6.0068794e-07
2,3,0.00019626011,0.008863583,0.4116497,0.5573982,0.021892278
0,0,0.99974126,0.00024145942,1.6570726e-05,1.7607427e-07,5.339559e-07
0,0,0.9963121,0.0031710248,0.00048259317,8.80147e-06,2.5547419e-05
2,2,0.0022285138,0.002778149,0.8614142,0.11317753,0.02040164
2,2,6.617106e-07,0.0009446829,0.9688533,0.011748017,0.018453384
0,0,0.9998208,0.00010446392,7.156348e-05,7.393133e-07,2.3985801e-06
0,0,0.9999553,3.8562994e-05,5.9621934e-06,2.0364863e-07,4.7490932e-08
0,0,0.9680971,0.02835592,0.0032754252,0.0001452453,0.00012624943
1,1,0.000118571275,0.56900734,0.42837924,0.0007634034,0.0017314812
1,1,0.011948928,0.83631116,0.14935575,2.3241953e-05,0.0023609404
0,0,0.9999136,7.895045e-05,6.5317495e-06,6.415877e-07,2.5966776e-07
0,0,0.9767506,0.018297445,0.0043058316,0.0001732857,0.0004727148
4,4,3.317378e-05,0.00085786293,0.46525824,0.049605463,0.48424515
3,2,0.00023580002,0.0009767127,0.77957594,0.14833714,0.07087441
0,0,0.9999368,5.824341e-05,4.880518e-06,7.6856416e-08,4.9318025e-08
0,0,0.9966448,0.0033023385,3.245323e-05,1.8155796e-06,1.8584426e-05
4,4,0.00022313216,0.0027585048,0.0046969773,0.081430584,0.91089076
4,4,7.885743e-06,6.100669e-05,0.0052164295,0.2022725,0.7924422
3,2,1.1718468e-05,0.0038100777,0.9875967,0.0039302055,0.004651198
0,0,0.98014104,0.019079441,0.00060318166,1.4404288e-05,0.00016191602
0,0,0.9987324,0.0012048816,4.421079e-05,4.1760622e-06,1.4405539e-05
2,2,1.0596383e-05,0.006457181,0.9875347,0.0015331446,0.004464359
2,2,8.9027e-05,0.2020324,0.76721203,0.016545432,0.014121103
0,0,0.9994474,0.00048225187,6.424162e-05,1.5439241e-06,4.4692483e-06
0,0,0.9988446,0.001081575,6.7136934e-05,2.6754462e-06,3.951757e-06
2,2,6.775179e-05,0.021798283,0.9497302,0.011910082,0.01649375
0,0,0.99966973,0.00028440484,3.9549443e-05,8.5040205e-07,5.371135e-06
0,0,0.99991536,6.187377e-05,2.0985883e-05,9.599278e-07,8.307387e-07
2,2,3.8953535e-06,0.017442862,0.9449017,0.00040038032,0.037251126
3,2,4.667655e-05,0.027372312,0.8997142,0.046361372,0.02650548
0,0,0.99990714,8.1031256e-05,1.11088175e-05,1.5402088e-07,6.224553e-07
0,0,0.99983156,0.00014486436,2.297234e-05,5.394853e-07,4.4591747e-08
1,1,0.0019127491,0.7462808,0.23963316,0.00046234927,0.011710972
0,0,0.9992964,0.000565696,0.00012196506,3.521235e-06,1.2358877e-05
0,0,0.99888283,0.00083399186,0.0002527288,1.0678938e-05,1.973702e-05
2,2,3.461328e-05,0.0034087545,0.7462059,0.20516215,0.045188557
